INSERT INTO locale VALUES (1, 'all');
INSERT INTO locale VALUES (2, 'ko');
INSERT INTO locale VALUES (3, 'en');
INSERT INTO locale VALUES (4, 'ja');

INSERT INTO album(id, title) VALUES(1, "Please Please Me (1963.3)");
INSERT INTO album(id, title) VALUES(2, "With The Beatles (1963.11)");
INSERT INTO album(id, title) VALUES(3, "A Hard Day's Night (1964.7), Beatles for Sale (1964.12)");
INSERT INTO album(id, title) VALUES(4, "Help! (1965.8)");
INSERT INTO album(id, title) VALUES(5, "Rubber Soul (1965.12)");
INSERT INTO album(id, title) VALUES(6, "Revolver (1966.8)");
INSERT INTO album(id, title) VALUES(7, "Sgt. Pepper's Lonely Hearts Club Band (1967.6) ,Magical Mystery Tour (1967.11)[2]");
INSERT INTO album(id, title) VALUES(8, "The Beatles(aka 화이트 앨범) (1968.11)");
INSERT INTO album(id, title) VALUES(9, "Yellow Submarine (1969.1)");
INSERT INTO album(id, title) VALUES(10, "Abbey Road (1969.9)");
INSERT INTO album(id, title) VALUES(11, "Let It Be (1970.5)");
INSERT INTO album(id, title) VALUES(12, "유재하 <사랑하기 때문에>(1987)");
INSERT INTO album(id, title) VALUES(13, "들국화 <들국화(1집)>(1986)");
INSERT INTO album(id, title) VALUES(14, "신중현과 엽전들 <신중현과 엽전들>(1974)");
INSERT INTO album(id, title) VALUES(15, "김민기 <김민기(1집)>(1971)");
INSERT INTO album(id, title) VALUES(16, "산울림 <아니벌써(1집)>(1977)");
INSERT INTO album(id, title) VALUES(17, "어떤날 ＜어떤날 I＞(1986)");
INSERT INTO album(id, title) VALUES(18, "산울림 <제2집>(1978)");
INSERT INTO album(id, title) VALUES(19, "한대수 <멀고 먼 길(1집)>(1974)");
INSERT INTO album(id, title) VALUES(20, "넥스트 〈The Return Of N.Ex.T Part 1: The Being〉(1994)");
INSERT INTO album(id, title) VALUES(21, "이상은 <공무도하가>(1995)");
INSERT INTO album(id, title) VALUES(22, "장필순 <나의 외로움이 널 부를 때(5집)>(1997)");
INSERT INTO album(id, title) VALUES(23, "김현철 〈김현철 Vol.1〉(1989)");
INSERT INTO album(id, title) VALUES(24, "이문세 <이문세 4>(1987)");
INSERT INTO album(id, title) VALUES(25, "시인과 촌장 <푸른 돛(2집)>(1986)");
INSERT INTO album(id, title) VALUES(26, "사랑과 평화 <한동안 뜸 했었지(1집)>(1977)");
INSERT INTO album(id, title) VALUES(27, "김현식 〈김현식 III〉(1986)");
INSERT INTO album(id, title) VALUES(28, "한영애 <바라본다(2집)>(1988)");
INSERT INTO album(id, title) VALUES(29, "델리 스파이스 〈Deli Spice〉(1997)");
INSERT INTO album(id, title) VALUES(30, "듀스 〈Force Deux〉(1995)");
INSERT INTO album(id, title) VALUES(31, "어떤날 <어떤날 II>(1989)");

INSERT INTO album_locale(album_id, locale_id) VALUES(1, 3);
INSERT INTO album_locale(album_id, locale_id) VALUES(1, 4);
INSERT INTO album_locale(album_id, locale_id) VALUES(2, 3);
INSERT INTO album_locale(album_id, locale_id) VALUES(2, 4);
INSERT INTO album_locale(album_id, locale_id) VALUES(3, 2);
INSERT INTO album_locale(album_id, locale_id) VALUES(3, 3);
INSERT INTO album_locale(album_id, locale_id) VALUES(4, 3);
INSERT INTO album_locale(album_id, locale_id) VALUES(5, 4);
INSERT INTO album_locale(album_id, locale_id) VALUES(6, 2);
INSERT INTO album_locale(album_id, locale_id) VALUES(7, 2);
INSERT INTO album_locale(album_id, locale_id) VALUES(7, 4);
INSERT INTO album_locale(album_id, locale_id) VALUES(8, 1);
INSERT INTO album_locale(album_id, locale_id) VALUES(9, 2);
INSERT INTO album_locale(album_id, locale_id) VALUES(9, 4);
INSERT INTO album_locale(album_id, locale_id) VALUES(10, 1);
INSERT INTO album_locale(album_id, locale_id) VALUES(11, 2);
INSERT INTO album_locale(album_id, locale_id) VALUES(12, 2);
INSERT INTO album_locale(album_id, locale_id) VALUES(12, 4);
INSERT INTO album_locale(album_id, locale_id) VALUES(13, 3);
INSERT INTO album_locale(album_id, locale_id) VALUES(14, 2);
INSERT INTO album_locale(album_id, locale_id) VALUES(15, 4);
INSERT INTO album_locale(album_id, locale_id) VALUES(16, 4);
INSERT INTO album_locale(album_id, locale_id) VALUES(17, 2);
INSERT INTO album_locale(album_id, locale_id) VALUES(18, 2);
INSERT INTO album_locale(album_id, locale_id) VALUES(19, 1);
INSERT INTO album_locale(album_id, locale_id) VALUES(20, 3);
INSERT INTO album_locale(album_id, locale_id) VALUES(20, 4);
INSERT INTO album_locale(album_id, locale_id) VALUES(21, 2);
INSERT INTO album_locale(album_id, locale_id) VALUES(21, 3);
INSERT INTO album_locale(album_id, locale_id) VALUES(22, 3);
INSERT INTO album_locale(album_id, locale_id) VALUES(23, 2);
INSERT INTO album_locale(album_id, locale_id) VALUES(23, 3);
INSERT INTO album_locale(album_id, locale_id) VALUES(24, 3);
INSERT INTO album_locale(album_id, locale_id) VALUES(24, 4);
INSERT INTO album_locale(album_id, locale_id) VALUES(25, 1);
INSERT INTO album_locale(album_id, locale_id) VALUES(26, 1);
INSERT INTO album_locale(album_id, locale_id) VALUES(27, 2);
INSERT INTO album_locale(album_id, locale_id) VALUES(27, 3);
INSERT INTO album_locale(album_id, locale_id) VALUES(28, 2);
INSERT INTO album_locale(album_id, locale_id) VALUES(29, 3);
INSERT INTO album_locale(album_id, locale_id) VALUES(29, 4);
INSERT INTO album_locale(album_id, locale_id) VALUES(30, 3);
INSERT INTO album_locale(album_id, locale_id) VALUES(31, 4);

INSERT INTO song (album_id, length, title, track) VALUES(1, 224, "Please Please Me (1963.3) song-1", 1);
INSERT INTO song (album_id, length, title, track) VALUES(1, 454, "Please Please Me (1963.3) song-2", 2);
INSERT INTO song (album_id, length, title, track) VALUES(1, 455, "Please Please Me (1963.3) song-3", 3);
INSERT INTO song (album_id, length, title, track) VALUES(1, 299, "Please Please Me (1963.3) song-4", 4);
INSERT INTO song (album_id, length, title, track) VALUES(1, 142, "Please Please Me (1963.3) song-5", 5);
INSERT INTO song (album_id, length, title, track) VALUES(1, 367, "Please Please Me (1963.3) song-6", 6);
INSERT INTO song (album_id, length, title, track) VALUES(1, 438, "Please Please Me (1963.3) song-7", 7);
INSERT INTO song (album_id, length, title, track) VALUES(1, 439, "Please Please Me (1963.3) song-8", 8);
INSERT INTO song (album_id, length, title, track) VALUES(1, 313, "Please Please Me (1963.3) song-9", 9);
INSERT INTO song (album_id, length, title, track) VALUES(1, 369, "Please Please Me (1963.3) song-10", 10);
INSERT INTO song (album_id, length, title, track) VALUES(1, 190, "Please Please Me (1963.3) song-11", 11);
INSERT INTO song (album_id, length, title, track) VALUES(2, 114, "With The Beatles (1963.11) song-1", 1);
INSERT INTO song (album_id, length, title, track) VALUES(2, 494, "With The Beatles (1963.11) song-2", 2);
INSERT INTO song (album_id, length, title, track) VALUES(2, 227, "With The Beatles (1963.11) song-3", 3);
INSERT INTO song (album_id, length, title, track) VALUES(2, 391, "With The Beatles (1963.11) song-4", 4);
INSERT INTO song (album_id, length, title, track) VALUES(2, 105, "With The Beatles (1963.11) song-5", 5);
INSERT INTO song (album_id, length, title, track) VALUES(2, 298, "With The Beatles (1963.11) song-6", 6);
INSERT INTO song (album_id, length, title, track) VALUES(2, 361, "With The Beatles (1963.11) song-7", 7);
INSERT INTO song (album_id, length, title, track) VALUES(2, 134, "With The Beatles (1963.11) song-8", 8);
INSERT INTO song (album_id, length, title, track) VALUES(2, 106, "With The Beatles (1963.11) song-9", 9);
INSERT INTO song (album_id, length, title, track) VALUES(2, 480, "With The Beatles (1963.11) song-10", 10);
INSERT INTO song (album_id, length, title, track) VALUES(2, 361, "With The Beatles (1963.11) song-11", 11);
INSERT INTO song (album_id, length, title, track) VALUES(3, 334, "A Hard Day's Night (1964.7), Beatles for Sale (1964.12) song-1", 1);
INSERT INTO song (album_id, length, title, track) VALUES(3, 241, "A Hard Day's Night (1964.7), Beatles for Sale (1964.12) song-2", 2);
INSERT INTO song (album_id, length, title, track) VALUES(3, 351, "A Hard Day's Night (1964.7), Beatles for Sale (1964.12) song-3", 3);
INSERT INTO song (album_id, length, title, track) VALUES(3, 293, "A Hard Day's Night (1964.7), Beatles for Sale (1964.12) song-4", 4);
INSERT INTO song (album_id, length, title, track) VALUES(3, 475, "A Hard Day's Night (1964.7), Beatles for Sale (1964.12) song-5", 5);
INSERT INTO song (album_id, length, title, track) VALUES(3, 158, "A Hard Day's Night (1964.7), Beatles for Sale (1964.12) song-6", 6);
INSERT INTO song (album_id, length, title, track) VALUES(3, 351, "A Hard Day's Night (1964.7), Beatles for Sale (1964.12) song-7", 7);
INSERT INTO song (album_id, length, title, track) VALUES(3, 256, "A Hard Day's Night (1964.7), Beatles for Sale (1964.12) song-8", 8);
INSERT INTO song (album_id, length, title, track) VALUES(3, 188, "A Hard Day's Night (1964.7), Beatles for Sale (1964.12) song-9", 9);
INSERT INTO song (album_id, length, title, track) VALUES(3, 139, "A Hard Day's Night (1964.7), Beatles for Sale (1964.12) song-10", 10);
INSERT INTO song (album_id, length, title, track) VALUES(3, 284, "A Hard Day's Night (1964.7), Beatles for Sale (1964.12) song-11", 11);
INSERT INTO song (album_id, length, title, track) VALUES(4, 218, "Help! (1965.8) song-1", 1);
INSERT INTO song (album_id, length, title, track) VALUES(4, 474, "Help! (1965.8) song-2", 2);
INSERT INTO song (album_id, length, title, track) VALUES(4, 249, "Help! (1965.8) song-3", 3);
INSERT INTO song (album_id, length, title, track) VALUES(4, 252, "Help! (1965.8) song-4", 4);
INSERT INTO song (album_id, length, title, track) VALUES(4, 399, "Help! (1965.8) song-5", 5);
INSERT INTO song (album_id, length, title, track) VALUES(4, 116, "Help! (1965.8) song-6", 6);
INSERT INTO song (album_id, length, title, track) VALUES(4, 229, "Help! (1965.8) song-7", 7);
INSERT INTO song (album_id, length, title, track) VALUES(4, 253, "Help! (1965.8) song-8", 8);
INSERT INTO song (album_id, length, title, track) VALUES(4, 359, "Help! (1965.8) song-9", 9);
INSERT INTO song (album_id, length, title, track) VALUES(4, 361, "Help! (1965.8) song-10", 10);
INSERT INTO song (album_id, length, title, track) VALUES(4, 423, "Help! (1965.8) song-11", 11);
INSERT INTO song (album_id, length, title, track) VALUES(5, 166, "Rubber Soul (1965.12) song-1", 1);
INSERT INTO song (album_id, length, title, track) VALUES(5, 113, "Rubber Soul (1965.12) song-2", 2);
INSERT INTO song (album_id, length, title, track) VALUES(5, 377, "Rubber Soul (1965.12) song-3", 3);
INSERT INTO song (album_id, length, title, track) VALUES(5, 271, "Rubber Soul (1965.12) song-4", 4);
INSERT INTO song (album_id, length, title, track) VALUES(5, 199, "Rubber Soul (1965.12) song-5", 5);
INSERT INTO song (album_id, length, title, track) VALUES(5, 500, "Rubber Soul (1965.12) song-6", 6);
INSERT INTO song (album_id, length, title, track) VALUES(5, 466, "Rubber Soul (1965.12) song-7", 7);
INSERT INTO song (album_id, length, title, track) VALUES(5, 238, "Rubber Soul (1965.12) song-8", 8);
INSERT INTO song (album_id, length, title, track) VALUES(5, 128, "Rubber Soul (1965.12) song-9", 9);
INSERT INTO song (album_id, length, title, track) VALUES(5, 250, "Rubber Soul (1965.12) song-10", 10);
INSERT INTO song (album_id, length, title, track) VALUES(5, 410, "Rubber Soul (1965.12) song-11", 11);
INSERT INTO song (album_id, length, title, track) VALUES(6, 237, "Revolver (1966.8) song-1", 1);
INSERT INTO song (album_id, length, title, track) VALUES(6, 393, "Revolver (1966.8) song-2", 2);
INSERT INTO song (album_id, length, title, track) VALUES(6, 242, "Revolver (1966.8) song-3", 3);
INSERT INTO song (album_id, length, title, track) VALUES(6, 403, "Revolver (1966.8) song-4", 4);
INSERT INTO song (album_id, length, title, track) VALUES(6, 335, "Revolver (1966.8) song-5", 5);
INSERT INTO song (album_id, length, title, track) VALUES(6, 290, "Revolver (1966.8) song-6", 6);
INSERT INTO song (album_id, length, title, track) VALUES(6, 377, "Revolver (1966.8) song-7", 7);
INSERT INTO song (album_id, length, title, track) VALUES(6, 485, "Revolver (1966.8) song-8", 8);
INSERT INTO song (album_id, length, title, track) VALUES(6, 178, "Revolver (1966.8) song-9", 9);
INSERT INTO song (album_id, length, title, track) VALUES(6, 399, "Revolver (1966.8) song-10", 10);
INSERT INTO song (album_id, length, title, track) VALUES(6, 472, "Revolver (1966.8) song-11", 11);
INSERT INTO song (album_id, length, title, track) VALUES(7, 463, "Sgt. Pepper's Lonely Hearts Club Band (1967.6) ,Magical Mystery Tour (1967.11)[2] song-1", 1);
INSERT INTO song (album_id, length, title, track) VALUES(7, 160, "Sgt. Pepper's Lonely Hearts Club Band (1967.6) ,Magical Mystery Tour (1967.11)[2] song-2", 2);
INSERT INTO song (album_id, length, title, track) VALUES(7, 464, "Sgt. Pepper's Lonely Hearts Club Band (1967.6) ,Magical Mystery Tour (1967.11)[2] song-3", 3);
INSERT INTO song (album_id, length, title, track) VALUES(7, 128, "Sgt. Pepper's Lonely Hearts Club Band (1967.6) ,Magical Mystery Tour (1967.11)[2] song-4", 4);
INSERT INTO song (album_id, length, title, track) VALUES(7, 425, "Sgt. Pepper's Lonely Hearts Club Band (1967.6) ,Magical Mystery Tour (1967.11)[2] song-5", 5);
INSERT INTO song (album_id, length, title, track) VALUES(7, 301, "Sgt. Pepper's Lonely Hearts Club Band (1967.6) ,Magical Mystery Tour (1967.11)[2] song-6", 6);
INSERT INTO song (album_id, length, title, track) VALUES(7, 102, "Sgt. Pepper's Lonely Hearts Club Band (1967.6) ,Magical Mystery Tour (1967.11)[2] song-7", 7);
INSERT INTO song (album_id, length, title, track) VALUES(7, 329, "Sgt. Pepper's Lonely Hearts Club Band (1967.6) ,Magical Mystery Tour (1967.11)[2] song-8", 8);
INSERT INTO song (album_id, length, title, track) VALUES(7, 470, "Sgt. Pepper's Lonely Hearts Club Band (1967.6) ,Magical Mystery Tour (1967.11)[2] song-9", 9);
INSERT INTO song (album_id, length, title, track) VALUES(7, 237, "Sgt. Pepper's Lonely Hearts Club Band (1967.6) ,Magical Mystery Tour (1967.11)[2] song-10", 10);
INSERT INTO song (album_id, length, title, track) VALUES(7, 150, "Sgt. Pepper's Lonely Hearts Club Band (1967.6) ,Magical Mystery Tour (1967.11)[2] song-11", 11);
INSERT INTO song (album_id, length, title, track) VALUES(8, 207, "The Beatles(aka 화이트 앨범) (1968.11) song-1", 1);
INSERT INTO song (album_id, length, title, track) VALUES(8, 165, "The Beatles(aka 화이트 앨범) (1968.11) song-2", 2);
INSERT INTO song (album_id, length, title, track) VALUES(8, 303, "The Beatles(aka 화이트 앨범) (1968.11) song-3", 3);
INSERT INTO song (album_id, length, title, track) VALUES(8, 230, "The Beatles(aka 화이트 앨범) (1968.11) song-4", 4);
INSERT INTO song (album_id, length, title, track) VALUES(8, 340, "The Beatles(aka 화이트 앨범) (1968.11) song-5", 5);
INSERT INTO song (album_id, length, title, track) VALUES(8, 147, "The Beatles(aka 화이트 앨범) (1968.11) song-6", 6);
INSERT INTO song (album_id, length, title, track) VALUES(8, 237, "The Beatles(aka 화이트 앨범) (1968.11) song-7", 7);
INSERT INTO song (album_id, length, title, track) VALUES(8, 227, "The Beatles(aka 화이트 앨범) (1968.11) song-8", 8);
INSERT INTO song (album_id, length, title, track) VALUES(8, 231, "The Beatles(aka 화이트 앨범) (1968.11) song-9", 9);
INSERT INTO song (album_id, length, title, track) VALUES(8, 498, "The Beatles(aka 화이트 앨범) (1968.11) song-10", 10);
INSERT INTO song (album_id, length, title, track) VALUES(8, 406, "The Beatles(aka 화이트 앨범) (1968.11) song-11", 11);
INSERT INTO song (album_id, length, title, track) VALUES(9, 371, "Yellow Submarine (1969.1) song-1", 1);
INSERT INTO song (album_id, length, title, track) VALUES(9, 165, "Yellow Submarine (1969.1) song-2", 2);
INSERT INTO song (album_id, length, title, track) VALUES(9, 270, "Yellow Submarine (1969.1) song-3", 3);
INSERT INTO song (album_id, length, title, track) VALUES(9, 372, "Yellow Submarine (1969.1) song-4", 4);
INSERT INTO song (album_id, length, title, track) VALUES(9, 175, "Yellow Submarine (1969.1) song-5", 5);
INSERT INTO song (album_id, length, title, track) VALUES(9, 184, "Yellow Submarine (1969.1) song-6", 6);
INSERT INTO song (album_id, length, title, track) VALUES(9, 410, "Yellow Submarine (1969.1) song-7", 7);
INSERT INTO song (album_id, length, title, track) VALUES(9, 203, "Yellow Submarine (1969.1) song-8", 8);
INSERT INTO song (album_id, length, title, track) VALUES(9, 491, "Yellow Submarine (1969.1) song-9", 9);
INSERT INTO song (album_id, length, title, track) VALUES(9, 477, "Yellow Submarine (1969.1) song-10", 10);
INSERT INTO song (album_id, length, title, track) VALUES(9, 149, "Yellow Submarine (1969.1) song-11", 11);
INSERT INTO song (album_id, length, title, track) VALUES(10, 107, "Abbey Road (1969.9) song-1", 1);
INSERT INTO song (album_id, length, title, track) VALUES(10, 324, "Abbey Road (1969.9) song-2", 2);
INSERT INTO song (album_id, length, title, track) VALUES(10, 163, "Abbey Road (1969.9) song-3", 3);
INSERT INTO song (album_id, length, title, track) VALUES(10, 281, "Abbey Road (1969.9) song-4", 4);
INSERT INTO song (album_id, length, title, track) VALUES(10, 325, "Abbey Road (1969.9) song-5", 5);
INSERT INTO song (album_id, length, title, track) VALUES(10, 294, "Abbey Road (1969.9) song-6", 6);
INSERT INTO song (album_id, length, title, track) VALUES(10, 475, "Abbey Road (1969.9) song-7", 7);
INSERT INTO song (album_id, length, title, track) VALUES(10, 113, "Abbey Road (1969.9) song-8", 8);
INSERT INTO song (album_id, length, title, track) VALUES(10, 425, "Abbey Road (1969.9) song-9", 9);
INSERT INTO song (album_id, length, title, track) VALUES(10, 477, "Abbey Road (1969.9) song-10", 10);
INSERT INTO song (album_id, length, title, track) VALUES(10, 440, "Abbey Road (1969.9) song-11", 11);
INSERT INTO song (album_id, length, title, track) VALUES(11, 489, "Let It Be (1970.5) song-1", 1);
INSERT INTO song (album_id, length, title, track) VALUES(11, 235, "Let It Be (1970.5) song-2", 2);
INSERT INTO song (album_id, length, title, track) VALUES(11, 249, "Let It Be (1970.5) song-3", 3);
INSERT INTO song (album_id, length, title, track) VALUES(11, 356, "Let It Be (1970.5) song-4", 4);
INSERT INTO song (album_id, length, title, track) VALUES(11, 392, "Let It Be (1970.5) song-5", 5);
INSERT INTO song (album_id, length, title, track) VALUES(11, 320, "Let It Be (1970.5) song-6", 6);
INSERT INTO song (album_id, length, title, track) VALUES(11, 110, "Let It Be (1970.5) song-7", 7);
INSERT INTO song (album_id, length, title, track) VALUES(11, 240, "Let It Be (1970.5) song-8", 8);
INSERT INTO song (album_id, length, title, track) VALUES(11, 158, "Let It Be (1970.5) song-9", 9);
INSERT INTO song (album_id, length, title, track) VALUES(11, 357, "Let It Be (1970.5) song-10", 10);
INSERT INTO song (album_id, length, title, track) VALUES(11, 250, "Let It Be (1970.5) song-11", 11);
INSERT INTO song (album_id, length, title, track) VALUES(12, 165, "유재하 <사랑하기 때문에>(1987) song-1", 1);
INSERT INTO song (album_id, length, title, track) VALUES(12, 356, "유재하 <사랑하기 때문에>(1987) song-2", 2);
INSERT INTO song (album_id, length, title, track) VALUES(12, 205, "유재하 <사랑하기 때문에>(1987) song-3", 3);
INSERT INTO song (album_id, length, title, track) VALUES(12, 222, "유재하 <사랑하기 때문에>(1987) song-4", 4);
INSERT INTO song (album_id, length, title, track) VALUES(12, 138, "유재하 <사랑하기 때문에>(1987) song-5", 5);
INSERT INTO song (album_id, length, title, track) VALUES(12, 394, "유재하 <사랑하기 때문에>(1987) song-6", 6);
INSERT INTO song (album_id, length, title, track) VALUES(12, 120, "유재하 <사랑하기 때문에>(1987) song-7", 7);
INSERT INTO song (album_id, length, title, track) VALUES(12, 490, "유재하 <사랑하기 때문에>(1987) song-8", 8);
INSERT INTO song (album_id, length, title, track) VALUES(12, 363, "유재하 <사랑하기 때문에>(1987) song-9", 9);
INSERT INTO song (album_id, length, title, track) VALUES(12, 359, "유재하 <사랑하기 때문에>(1987) song-10", 10);
INSERT INTO song (album_id, length, title, track) VALUES(12, 430, "유재하 <사랑하기 때문에>(1987) song-11", 11);
INSERT INTO song (album_id, length, title, track) VALUES(13, 253, "들국화 <들국화(1집)>(1986) song-1", 1);
INSERT INTO song (album_id, length, title, track) VALUES(13, 184, "들국화 <들국화(1집)>(1986) song-2", 2);
INSERT INTO song (album_id, length, title, track) VALUES(13, 391, "들국화 <들국화(1집)>(1986) song-3", 3);
INSERT INTO song (album_id, length, title, track) VALUES(13, 452, "들국화 <들국화(1집)>(1986) song-4", 4);
INSERT INTO song (album_id, length, title, track) VALUES(13, 175, "들국화 <들국화(1집)>(1986) song-5", 5);
INSERT INTO song (album_id, length, title, track) VALUES(13, 425, "들국화 <들국화(1집)>(1986) song-6", 6);
INSERT INTO song (album_id, length, title, track) VALUES(13, 489, "들국화 <들국화(1집)>(1986) song-7", 7);
INSERT INTO song (album_id, length, title, track) VALUES(13, 172, "들국화 <들국화(1집)>(1986) song-8", 8);
INSERT INTO song (album_id, length, title, track) VALUES(13, 233, "들국화 <들국화(1집)>(1986) song-9", 9);
INSERT INTO song (album_id, length, title, track) VALUES(13, 278, "들국화 <들국화(1집)>(1986) song-10", 10);
INSERT INTO song (album_id, length, title, track) VALUES(13, 485, "들국화 <들국화(1집)>(1986) song-11", 11);
INSERT INTO song (album_id, length, title, track) VALUES(14, 388, "신중현과 엽전들 <신중현과 엽전들>(1974) song-1", 1);
INSERT INTO song (album_id, length, title, track) VALUES(14, 243, "신중현과 엽전들 <신중현과 엽전들>(1974) song-2", 2);
INSERT INTO song (album_id, length, title, track) VALUES(14, 368, "신중현과 엽전들 <신중현과 엽전들>(1974) song-3", 3);
INSERT INTO song (album_id, length, title, track) VALUES(14, 171, "신중현과 엽전들 <신중현과 엽전들>(1974) song-4", 4);
INSERT INTO song (album_id, length, title, track) VALUES(14, 338, "신중현과 엽전들 <신중현과 엽전들>(1974) song-5", 5);
INSERT INTO song (album_id, length, title, track) VALUES(14, 380, "신중현과 엽전들 <신중현과 엽전들>(1974) song-6", 6);
INSERT INTO song (album_id, length, title, track) VALUES(14, 322, "신중현과 엽전들 <신중현과 엽전들>(1974) song-7", 7);
INSERT INTO song (album_id, length, title, track) VALUES(14, 321, "신중현과 엽전들 <신중현과 엽전들>(1974) song-8", 8);
INSERT INTO song (album_id, length, title, track) VALUES(14, 415, "신중현과 엽전들 <신중현과 엽전들>(1974) song-9", 9);
INSERT INTO song (album_id, length, title, track) VALUES(14, 425, "신중현과 엽전들 <신중현과 엽전들>(1974) song-10", 10);
INSERT INTO song (album_id, length, title, track) VALUES(14, 276, "신중현과 엽전들 <신중현과 엽전들>(1974) song-11", 11);
INSERT INTO song (album_id, length, title, track) VALUES(15, 226, "김민기 <김민기(1집)>(1971) song-1", 1);
INSERT INTO song (album_id, length, title, track) VALUES(15, 237, "김민기 <김민기(1집)>(1971) song-2", 2);
INSERT INTO song (album_id, length, title, track) VALUES(15, 353, "김민기 <김민기(1집)>(1971) song-3", 3);
INSERT INTO song (album_id, length, title, track) VALUES(15, 430, "김민기 <김민기(1집)>(1971) song-4", 4);
INSERT INTO song (album_id, length, title, track) VALUES(15, 247, "김민기 <김민기(1집)>(1971) song-5", 5);
INSERT INTO song (album_id, length, title, track) VALUES(15, 183, "김민기 <김민기(1집)>(1971) song-6", 6);
INSERT INTO song (album_id, length, title, track) VALUES(15, 497, "김민기 <김민기(1집)>(1971) song-7", 7);
INSERT INTO song (album_id, length, title, track) VALUES(15, 324, "김민기 <김민기(1집)>(1971) song-8", 8);
INSERT INTO song (album_id, length, title, track) VALUES(15, 312, "김민기 <김민기(1집)>(1971) song-9", 9);
INSERT INTO song (album_id, length, title, track) VALUES(15, 146, "김민기 <김민기(1집)>(1971) song-10", 10);
INSERT INTO song (album_id, length, title, track) VALUES(15, 495, "김민기 <김민기(1집)>(1971) song-11", 11);
INSERT INTO song (album_id, length, title, track) VALUES(16, 200, "산울림 <아니벌써(1집)>(1977) song-1", 1);
INSERT INTO song (album_id, length, title, track) VALUES(16, 461, "산울림 <아니벌써(1집)>(1977) song-2", 2);
INSERT INTO song (album_id, length, title, track) VALUES(16, 107, "산울림 <아니벌써(1집)>(1977) song-3", 3);
INSERT INTO song (album_id, length, title, track) VALUES(16, 361, "산울림 <아니벌써(1집)>(1977) song-4", 4);
INSERT INTO song (album_id, length, title, track) VALUES(16, 166, "산울림 <아니벌써(1집)>(1977) song-5", 5);
INSERT INTO song (album_id, length, title, track) VALUES(16, 198, "산울림 <아니벌써(1집)>(1977) song-6", 6);
INSERT INTO song (album_id, length, title, track) VALUES(16, 282, "산울림 <아니벌써(1집)>(1977) song-7", 7);
INSERT INTO song (album_id, length, title, track) VALUES(16, 167, "산울림 <아니벌써(1집)>(1977) song-8", 8);
INSERT INTO song (album_id, length, title, track) VALUES(16, 119, "산울림 <아니벌써(1집)>(1977) song-9", 9);
INSERT INTO song (album_id, length, title, track) VALUES(16, 305, "산울림 <아니벌써(1집)>(1977) song-10", 10);
INSERT INTO song (album_id, length, title, track) VALUES(16, 172, "산울림 <아니벌써(1집)>(1977) song-11", 11);
INSERT INTO song (album_id, length, title, track) VALUES(17, 133, "어떤날 ＜어떤날 I＞(1986) song-1", 1);
INSERT INTO song (album_id, length, title, track) VALUES(17, 337, "어떤날 ＜어떤날 I＞(1986) song-2", 2);
INSERT INTO song (album_id, length, title, track) VALUES(17, 292, "어떤날 ＜어떤날 I＞(1986) song-3", 3);
INSERT INTO song (album_id, length, title, track) VALUES(17, 178, "어떤날 ＜어떤날 I＞(1986) song-4", 4);
INSERT INTO song (album_id, length, title, track) VALUES(17, 472, "어떤날 ＜어떤날 I＞(1986) song-5", 5);
INSERT INTO song (album_id, length, title, track) VALUES(17, 484, "어떤날 ＜어떤날 I＞(1986) song-6", 6);
INSERT INTO song (album_id, length, title, track) VALUES(17, 477, "어떤날 ＜어떤날 I＞(1986) song-7", 7);
INSERT INTO song (album_id, length, title, track) VALUES(17, 152, "어떤날 ＜어떤날 I＞(1986) song-8", 8);
INSERT INTO song (album_id, length, title, track) VALUES(17, 291, "어떤날 ＜어떤날 I＞(1986) song-9", 9);
INSERT INTO song (album_id, length, title, track) VALUES(17, 113, "어떤날 ＜어떤날 I＞(1986) song-10", 10);
INSERT INTO song (album_id, length, title, track) VALUES(17, 278, "어떤날 ＜어떤날 I＞(1986) song-11", 11);
INSERT INTO song (album_id, length, title, track) VALUES(18, 212, "산울림 <제2집>(1978) song-1", 1);
INSERT INTO song (album_id, length, title, track) VALUES(18, 483, "산울림 <제2집>(1978) song-2", 2);
INSERT INTO song (album_id, length, title, track) VALUES(18, 499, "산울림 <제2집>(1978) song-3", 3);
INSERT INTO song (album_id, length, title, track) VALUES(18, 151, "산울림 <제2집>(1978) song-4", 4);
INSERT INTO song (album_id, length, title, track) VALUES(18, 358, "산울림 <제2집>(1978) song-5", 5);
INSERT INTO song (album_id, length, title, track) VALUES(18, 141, "산울림 <제2집>(1978) song-6", 6);
INSERT INTO song (album_id, length, title, track) VALUES(18, 197, "산울림 <제2집>(1978) song-7", 7);
INSERT INTO song (album_id, length, title, track) VALUES(18, 444, "산울림 <제2집>(1978) song-8", 8);
INSERT INTO song (album_id, length, title, track) VALUES(18, 194, "산울림 <제2집>(1978) song-9", 9);
INSERT INTO song (album_id, length, title, track) VALUES(18, 141, "산울림 <제2집>(1978) song-10", 10);
INSERT INTO song (album_id, length, title, track) VALUES(18, 118, "산울림 <제2집>(1978) song-11", 11);
INSERT INTO song (album_id, length, title, track) VALUES(19, 188, "한대수 <멀고 먼 길(1집)>(1974) song-1", 1);
INSERT INTO song (album_id, length, title, track) VALUES(19, 100, "한대수 <멀고 먼 길(1집)>(1974) song-2", 2);
INSERT INTO song (album_id, length, title, track) VALUES(19, 299, "한대수 <멀고 먼 길(1집)>(1974) song-3", 3);
INSERT INTO song (album_id, length, title, track) VALUES(19, 373, "한대수 <멀고 먼 길(1집)>(1974) song-4", 4);
INSERT INTO song (album_id, length, title, track) VALUES(19, 344, "한대수 <멀고 먼 길(1집)>(1974) song-5", 5);
INSERT INTO song (album_id, length, title, track) VALUES(19, 131, "한대수 <멀고 먼 길(1집)>(1974) song-6", 6);
INSERT INTO song (album_id, length, title, track) VALUES(19, 131, "한대수 <멀고 먼 길(1집)>(1974) song-7", 7);
INSERT INTO song (album_id, length, title, track) VALUES(19, 441, "한대수 <멀고 먼 길(1집)>(1974) song-8", 8);
INSERT INTO song (album_id, length, title, track) VALUES(19, 370, "한대수 <멀고 먼 길(1집)>(1974) song-9", 9);
INSERT INTO song (album_id, length, title, track) VALUES(19, 154, "한대수 <멀고 먼 길(1집)>(1974) song-10", 10);
INSERT INTO song (album_id, length, title, track) VALUES(19, 335, "한대수 <멀고 먼 길(1집)>(1974) song-11", 11);
INSERT INTO song (album_id, length, title, track) VALUES(20, 181, "넥스트 〈The Return Of N.Ex.T Part 1: The Being〉(1994) song-1", 1);
INSERT INTO song (album_id, length, title, track) VALUES(20, 294, "넥스트 〈The Return Of N.Ex.T Part 1: The Being〉(1994) song-2", 2);
INSERT INTO song (album_id, length, title, track) VALUES(20, 344, "넥스트 〈The Return Of N.Ex.T Part 1: The Being〉(1994) song-3", 3);
INSERT INTO song (album_id, length, title, track) VALUES(20, 490, "넥스트 〈The Return Of N.Ex.T Part 1: The Being〉(1994) song-4", 4);
INSERT INTO song (album_id, length, title, track) VALUES(20, 358, "넥스트 〈The Return Of N.Ex.T Part 1: The Being〉(1994) song-5", 5);
INSERT INTO song (album_id, length, title, track) VALUES(20, 135, "넥스트 〈The Return Of N.Ex.T Part 1: The Being〉(1994) song-6", 6);
INSERT INTO song (album_id, length, title, track) VALUES(20, 335, "넥스트 〈The Return Of N.Ex.T Part 1: The Being〉(1994) song-7", 7);
INSERT INTO song (album_id, length, title, track) VALUES(20, 492, "넥스트 〈The Return Of N.Ex.T Part 1: The Being〉(1994) song-8", 8);
INSERT INTO song (album_id, length, title, track) VALUES(20, 243, "넥스트 〈The Return Of N.Ex.T Part 1: The Being〉(1994) song-9", 9);
INSERT INTO song (album_id, length, title, track) VALUES(20, 114, "넥스트 〈The Return Of N.Ex.T Part 1: The Being〉(1994) song-10", 10);
INSERT INTO song (album_id, length, title, track) VALUES(20, 177, "넥스트 〈The Return Of N.Ex.T Part 1: The Being〉(1994) song-11", 11);
INSERT INTO song (album_id, length, title, track) VALUES(21, 462, "이상은 <공무도하가>(1995) song-1", 1);
INSERT INTO song (album_id, length, title, track) VALUES(21, 296, "이상은 <공무도하가>(1995) song-2", 2);
INSERT INTO song (album_id, length, title, track) VALUES(21, 423, "이상은 <공무도하가>(1995) song-3", 3);
INSERT INTO song (album_id, length, title, track) VALUES(21, 354, "이상은 <공무도하가>(1995) song-4", 4);
INSERT INTO song (album_id, length, title, track) VALUES(21, 429, "이상은 <공무도하가>(1995) song-5", 5);
INSERT INTO song (album_id, length, title, track) VALUES(21, 172, "이상은 <공무도하가>(1995) song-6", 6);
INSERT INTO song (album_id, length, title, track) VALUES(21, 326, "이상은 <공무도하가>(1995) song-7", 7);
INSERT INTO song (album_id, length, title, track) VALUES(21, 228, "이상은 <공무도하가>(1995) song-8", 8);
INSERT INTO song (album_id, length, title, track) VALUES(21, 168, "이상은 <공무도하가>(1995) song-9", 9);
INSERT INTO song (album_id, length, title, track) VALUES(21, 482, "이상은 <공무도하가>(1995) song-10", 10);
INSERT INTO song (album_id, length, title, track) VALUES(21, 352, "이상은 <공무도하가>(1995) song-11", 11);
INSERT INTO song (album_id, length, title, track) VALUES(22, 188, "장필순 <나의 외로움이 널 부를 때(5집)>(1997) song-1", 1);
INSERT INTO song (album_id, length, title, track) VALUES(22, 117, "장필순 <나의 외로움이 널 부를 때(5집)>(1997) song-2", 2);
INSERT INTO song (album_id, length, title, track) VALUES(22, 433, "장필순 <나의 외로움이 널 부를 때(5집)>(1997) song-3", 3);
INSERT INTO song (album_id, length, title, track) VALUES(22, 300, "장필순 <나의 외로움이 널 부를 때(5집)>(1997) song-4", 4);
INSERT INTO song (album_id, length, title, track) VALUES(22, 120, "장필순 <나의 외로움이 널 부를 때(5집)>(1997) song-5", 5);
INSERT INTO song (album_id, length, title, track) VALUES(22, 330, "장필순 <나의 외로움이 널 부를 때(5집)>(1997) song-6", 6);
INSERT INTO song (album_id, length, title, track) VALUES(22, 290, "장필순 <나의 외로움이 널 부를 때(5집)>(1997) song-7", 7);
INSERT INTO song (album_id, length, title, track) VALUES(22, 183, "장필순 <나의 외로움이 널 부를 때(5집)>(1997) song-8", 8);
INSERT INTO song (album_id, length, title, track) VALUES(22, 395, "장필순 <나의 외로움이 널 부를 때(5집)>(1997) song-9", 9);
INSERT INTO song (album_id, length, title, track) VALUES(22, 168, "장필순 <나의 외로움이 널 부를 때(5집)>(1997) song-10", 10);
INSERT INTO song (album_id, length, title, track) VALUES(22, 276, "장필순 <나의 외로움이 널 부를 때(5집)>(1997) song-11", 11);
INSERT INTO song (album_id, length, title, track) VALUES(23, 126, "김현철 〈김현철 Vol.1〉(1989) song-1", 1);
INSERT INTO song (album_id, length, title, track) VALUES(23, 412, "김현철 〈김현철 Vol.1〉(1989) song-2", 2);
INSERT INTO song (album_id, length, title, track) VALUES(23, 155, "김현철 〈김현철 Vol.1〉(1989) song-3", 3);
INSERT INTO song (album_id, length, title, track) VALUES(23, 272, "김현철 〈김현철 Vol.1〉(1989) song-4", 4);
INSERT INTO song (album_id, length, title, track) VALUES(23, 390, "김현철 〈김현철 Vol.1〉(1989) song-5", 5);
INSERT INTO song (album_id, length, title, track) VALUES(23, 480, "김현철 〈김현철 Vol.1〉(1989) song-6", 6);
INSERT INTO song (album_id, length, title, track) VALUES(23, 130, "김현철 〈김현철 Vol.1〉(1989) song-7", 7);
INSERT INTO song (album_id, length, title, track) VALUES(23, 224, "김현철 〈김현철 Vol.1〉(1989) song-8", 8);
INSERT INTO song (album_id, length, title, track) VALUES(23, 254, "김현철 〈김현철 Vol.1〉(1989) song-9", 9);
INSERT INTO song (album_id, length, title, track) VALUES(23, 418, "김현철 〈김현철 Vol.1〉(1989) song-10", 10);
INSERT INTO song (album_id, length, title, track) VALUES(23, 226, "김현철 〈김현철 Vol.1〉(1989) song-11", 11);
INSERT INTO song (album_id, length, title, track) VALUES(24, 442, "이문세 <이문세 4>(1987) song-1", 1);
INSERT INTO song (album_id, length, title, track) VALUES(24, 492, "이문세 <이문세 4>(1987) song-2", 2);
INSERT INTO song (album_id, length, title, track) VALUES(24, 253, "이문세 <이문세 4>(1987) song-3", 3);
INSERT INTO song (album_id, length, title, track) VALUES(24, 497, "이문세 <이문세 4>(1987) song-4", 4);
INSERT INTO song (album_id, length, title, track) VALUES(24, 468, "이문세 <이문세 4>(1987) song-5", 5);
INSERT INTO song (album_id, length, title, track) VALUES(24, 438, "이문세 <이문세 4>(1987) song-6", 6);
INSERT INTO song (album_id, length, title, track) VALUES(24, 335, "이문세 <이문세 4>(1987) song-7", 7);
INSERT INTO song (album_id, length, title, track) VALUES(24, 198, "이문세 <이문세 4>(1987) song-8", 8);
INSERT INTO song (album_id, length, title, track) VALUES(24, 419, "이문세 <이문세 4>(1987) song-9", 9);
INSERT INTO song (album_id, length, title, track) VALUES(24, 380, "이문세 <이문세 4>(1987) song-10", 10);
INSERT INTO song (album_id, length, title, track) VALUES(24, 486, "이문세 <이문세 4>(1987) song-11", 11);
INSERT INTO song (album_id, length, title, track) VALUES(25, 402, "시인과 촌장 <푸른 돛(2집)>(1986) song-1", 1);
INSERT INTO song (album_id, length, title, track) VALUES(25, 407, "시인과 촌장 <푸른 돛(2집)>(1986) song-2", 2);
INSERT INTO song (album_id, length, title, track) VALUES(25, 210, "시인과 촌장 <푸른 돛(2집)>(1986) song-3", 3);
INSERT INTO song (album_id, length, title, track) VALUES(25, 331, "시인과 촌장 <푸른 돛(2집)>(1986) song-4", 4);
INSERT INTO song (album_id, length, title, track) VALUES(25, 188, "시인과 촌장 <푸른 돛(2집)>(1986) song-5", 5);
INSERT INTO song (album_id, length, title, track) VALUES(25, 480, "시인과 촌장 <푸른 돛(2집)>(1986) song-6", 6);
INSERT INTO song (album_id, length, title, track) VALUES(25, 204, "시인과 촌장 <푸른 돛(2집)>(1986) song-7", 7);
INSERT INTO song (album_id, length, title, track) VALUES(25, 321, "시인과 촌장 <푸른 돛(2집)>(1986) song-8", 8);
INSERT INTO song (album_id, length, title, track) VALUES(25, 120, "시인과 촌장 <푸른 돛(2집)>(1986) song-9", 9);
INSERT INTO song (album_id, length, title, track) VALUES(25, 198, "시인과 촌장 <푸른 돛(2집)>(1986) song-10", 10);
INSERT INTO song (album_id, length, title, track) VALUES(25, 460, "시인과 촌장 <푸른 돛(2집)>(1986) song-11", 11);
INSERT INTO song (album_id, length, title, track) VALUES(26, 431, "사랑과 평화 <한동안 뜸 했었지(1집)>(1977) song-1", 1);
INSERT INTO song (album_id, length, title, track) VALUES(26, 202, "사랑과 평화 <한동안 뜸 했었지(1집)>(1977) song-2", 2);
INSERT INTO song (album_id, length, title, track) VALUES(26, 257, "사랑과 평화 <한동안 뜸 했었지(1집)>(1977) song-3", 3);
INSERT INTO song (album_id, length, title, track) VALUES(26, 483, "사랑과 평화 <한동안 뜸 했었지(1집)>(1977) song-4", 4);
INSERT INTO song (album_id, length, title, track) VALUES(26, 478, "사랑과 평화 <한동안 뜸 했었지(1집)>(1977) song-5", 5);
INSERT INTO song (album_id, length, title, track) VALUES(26, 441, "사랑과 평화 <한동안 뜸 했었지(1집)>(1977) song-6", 6);
INSERT INTO song (album_id, length, title, track) VALUES(26, 319, "사랑과 평화 <한동안 뜸 했었지(1집)>(1977) song-7", 7);
INSERT INTO song (album_id, length, title, track) VALUES(26, 133, "사랑과 평화 <한동안 뜸 했었지(1집)>(1977) song-8", 8);
INSERT INTO song (album_id, length, title, track) VALUES(26, 157, "사랑과 평화 <한동안 뜸 했었지(1집)>(1977) song-9", 9);
INSERT INTO song (album_id, length, title, track) VALUES(26, 249, "사랑과 평화 <한동안 뜸 했었지(1집)>(1977) song-10", 10);
INSERT INTO song (album_id, length, title, track) VALUES(26, 324, "사랑과 평화 <한동안 뜸 했었지(1집)>(1977) song-11", 11);
INSERT INTO song (album_id, length, title, track) VALUES(27, 408, "김현식 〈김현식 III〉(1986) song-1", 1);
INSERT INTO song (album_id, length, title, track) VALUES(27, 220, "김현식 〈김현식 III〉(1986) song-2", 2);
INSERT INTO song (album_id, length, title, track) VALUES(27, 203, "김현식 〈김현식 III〉(1986) song-3", 3);
INSERT INTO song (album_id, length, title, track) VALUES(27, 423, "김현식 〈김현식 III〉(1986) song-4", 4);
INSERT INTO song (album_id, length, title, track) VALUES(27, 209, "김현식 〈김현식 III〉(1986) song-5", 5);
INSERT INTO song (album_id, length, title, track) VALUES(27, 228, "김현식 〈김현식 III〉(1986) song-6", 6);
INSERT INTO song (album_id, length, title, track) VALUES(27, 167, "김현식 〈김현식 III〉(1986) song-7", 7);
INSERT INTO song (album_id, length, title, track) VALUES(27, 319, "김현식 〈김현식 III〉(1986) song-8", 8);
INSERT INTO song (album_id, length, title, track) VALUES(27, 108, "김현식 〈김현식 III〉(1986) song-9", 9);
INSERT INTO song (album_id, length, title, track) VALUES(27, 330, "김현식 〈김현식 III〉(1986) song-10", 10);
INSERT INTO song (album_id, length, title, track) VALUES(27, 303, "김현식 〈김현식 III〉(1986) song-11", 11);
INSERT INTO song (album_id, length, title, track) VALUES(28, 334, "한영애 <바라본다(2집)>(1988) song-1", 1);
INSERT INTO song (album_id, length, title, track) VALUES(28, 149, "한영애 <바라본다(2집)>(1988) song-2", 2);
INSERT INTO song (album_id, length, title, track) VALUES(28, 396, "한영애 <바라본다(2집)>(1988) song-3", 3);
INSERT INTO song (album_id, length, title, track) VALUES(28, 311, "한영애 <바라본다(2집)>(1988) song-4", 4);
INSERT INTO song (album_id, length, title, track) VALUES(28, 324, "한영애 <바라본다(2집)>(1988) song-5", 5);
INSERT INTO song (album_id, length, title, track) VALUES(28, 494, "한영애 <바라본다(2집)>(1988) song-6", 6);
INSERT INTO song (album_id, length, title, track) VALUES(28, 405, "한영애 <바라본다(2집)>(1988) song-7", 7);
INSERT INTO song (album_id, length, title, track) VALUES(28, 307, "한영애 <바라본다(2집)>(1988) song-8", 8);
INSERT INTO song (album_id, length, title, track) VALUES(28, 267, "한영애 <바라본다(2집)>(1988) song-9", 9);
INSERT INTO song (album_id, length, title, track) VALUES(28, 423, "한영애 <바라본다(2집)>(1988) song-10", 10);
INSERT INTO song (album_id, length, title, track) VALUES(28, 120, "한영애 <바라본다(2집)>(1988) song-11", 11);
INSERT INTO song (album_id, length, title, track) VALUES(29, 456, "델리 스파이스 〈Deli Spice〉(1997) song-1", 1);
INSERT INTO song (album_id, length, title, track) VALUES(29, 333, "델리 스파이스 〈Deli Spice〉(1997) song-2", 2);
INSERT INTO song (album_id, length, title, track) VALUES(29, 274, "델리 스파이스 〈Deli Spice〉(1997) song-3", 3);
INSERT INTO song (album_id, length, title, track) VALUES(29, 386, "델리 스파이스 〈Deli Spice〉(1997) song-4", 4);
INSERT INTO song (album_id, length, title, track) VALUES(29, 238, "델리 스파이스 〈Deli Spice〉(1997) song-5", 5);
INSERT INTO song (album_id, length, title, track) VALUES(29, 331, "델리 스파이스 〈Deli Spice〉(1997) song-6", 6);
INSERT INTO song (album_id, length, title, track) VALUES(29, 195, "델리 스파이스 〈Deli Spice〉(1997) song-7", 7);
INSERT INTO song (album_id, length, title, track) VALUES(29, 250, "델리 스파이스 〈Deli Spice〉(1997) song-8", 8);
INSERT INTO song (album_id, length, title, track) VALUES(29, 174, "델리 스파이스 〈Deli Spice〉(1997) song-9", 9);
INSERT INTO song (album_id, length, title, track) VALUES(29, 302, "델리 스파이스 〈Deli Spice〉(1997) song-10", 10);
INSERT INTO song (album_id, length, title, track) VALUES(29, 489, "델리 스파이스 〈Deli Spice〉(1997) song-11", 11);
INSERT INTO song (album_id, length, title, track) VALUES(30, 293, "듀스 〈Force Deux〉(1995) song-1", 1);
INSERT INTO song (album_id, length, title, track) VALUES(30, 312, "듀스 〈Force Deux〉(1995) song-2", 2);
INSERT INTO song (album_id, length, title, track) VALUES(30, 341, "듀스 〈Force Deux〉(1995) song-3", 3);
INSERT INTO song (album_id, length, title, track) VALUES(30, 409, "듀스 〈Force Deux〉(1995) song-4", 4);
INSERT INTO song (album_id, length, title, track) VALUES(30, 399, "듀스 〈Force Deux〉(1995) song-5", 5);
INSERT INTO song (album_id, length, title, track) VALUES(30, 151, "듀스 〈Force Deux〉(1995) song-6", 6);
INSERT INTO song (album_id, length, title, track) VALUES(30, 486, "듀스 〈Force Deux〉(1995) song-7", 7);
INSERT INTO song (album_id, length, title, track) VALUES(30, 267, "듀스 〈Force Deux〉(1995) song-8", 8);
INSERT INTO song (album_id, length, title, track) VALUES(30, 460, "듀스 〈Force Deux〉(1995) song-9", 9);
INSERT INTO song (album_id, length, title, track) VALUES(30, 347, "듀스 〈Force Deux〉(1995) song-10", 10);
INSERT INTO song (album_id, length, title, track) VALUES(30, 389, "듀스 〈Force Deux〉(1995) song-11", 11);
INSERT INTO song (album_id, length, title, track) VALUES(31, 388, "어떤날 <어떤날 II>(1989) song-1", 1);
INSERT INTO song (album_id, length, title, track) VALUES(31, 126, "어떤날 <어떤날 II>(1989) song-2", 2);
INSERT INTO song (album_id, length, title, track) VALUES(31, 495, "어떤날 <어떤날 II>(1989) song-3", 3);
INSERT INTO song (album_id, length, title, track) VALUES(31, 453, "어떤날 <어떤날 II>(1989) song-4", 4);
INSERT INTO song (album_id, length, title, track) VALUES(31, 166, "어떤날 <어떤날 II>(1989) song-5", 5);
INSERT INTO song (album_id, length, title, track) VALUES(31, 442, "어떤날 <어떤날 II>(1989) song-6", 6);
INSERT INTO song (album_id, length, title, track) VALUES(31, 226, "어떤날 <어떤날 II>(1989) song-7", 7);
INSERT INTO song (album_id, length, title, track) VALUES(31, 142, "어떤날 <어떤날 II>(1989) song-8", 8);
INSERT INTO song (album_id, length, title, track) VALUES(31, 498, "어떤날 <어떤날 II>(1989) song-9", 9);
INSERT INTO song (album_id, length, title, track) VALUES(31, 204, "어떤날 <어떤날 II>(1989) song-10", 10);
INSERT INTO song (album_id, length, title, track) VALUES(31, 308, "어떤날 <어떤날 II>(1989) song-11", 11);
